[{"Year":1930,"Country":"Uruguay","Winner":"Uruguay","Runners-Up":"Argentina","Third":"USA","Fourth":"Yugoslavia","GoalsScored":70,"QualifiedTeams":13,"MatchesPlayed":18,"Attendance":"590.549"},{"Year":1934,"Country":"Italy","Winner":"Italy","Runners-Up":"Czechoslovakia","Third":"Germany","Fourth":"Austria","GoalsScored":70,"QualifiedTeams":16,"MatchesPlayed":17,"Attendance":"363.000"},{"Year":1938,"Country":"France","Winner":"Italy","Runners-Up":"Hungary","Third":"Brazil","Fourth":"Sweden","GoalsScored":84,"QualifiedTeams":15,"MatchesPlayed":18,"Attendance":"375.700"},{"Year":1950,"Country":"Brazil","Winner":"Uruguay","Runners-Up":"Brazil","Third":"Sweden","Fourth":"Spain","GoalsScored":88,"QualifiedTeams":13,"MatchesPlayed":22,"Attendance":"1.045.246"},{"Year":1954,"Country":"Switzerland","Winner":"Germany FR","Runners-Up":"Hungary","Third":"Austria","Fourth":"Uruguay","GoalsScored":140,"QualifiedTeams":16,"MatchesPlayed":26,"Attendance":"768.607"},{"Year":1958,"Country":"Sweden","Winner":"Brazil","Runners-Up":"Sweden","Third":"France","Fourth":"Germany FR","GoalsScored":126,"QualifiedTeams":16,"MatchesPlayed":35,"Attendance":"819.810"},{"Year":1962,"Country":"Chile","Winner":"Brazil","Runners-Up":"Czechoslovakia","Third":"Chile","Fourth":"Yugoslavia","GoalsScored":89,"QualifiedTeams":16,"MatchesPlayed":32,"Attendance":"893.172"},{"Year":1966,"Country":"England","Winner":"England","Runners-Up":"Germany FR","Third":"Portugal","Fourth":"Soviet Union","GoalsScored":89,"QualifiedTeams":16,"MatchesPlayed":32,"Attendance":"1.563.135"},{"Year":1970,"Country":"Mexico","Winner":"Brazil","Runners-Up":"Italy","Third":"Germany FR","Fourth":"Uruguay","GoalsScored":95,"QualifiedTeams":16,"MatchesPlayed":32,"Attendance":"1.603.975"},{"Year":1974,"Country":"Germany","Winner":"Germany FR","Runners-Up":"Netherlands","Third":"Poland","Fourth":"Brazil","GoalsScored":97,"QualifiedTeams":16,"MatchesPlayed":38,"Attendance":"1.865.753"},{"Year":1978,"Country":"Argentina","Winner":"Argentina","Runners-Up":"Netherlands","Third":"Brazil","Fourth":"Italy","GoalsScored":102,"QualifiedTeams":16,"MatchesPlayed":38,"Attendance":"1.545.791"},{"Year":1982,"Country":"Spain","Winner":"Italy","Runners-Up":"Germany FR","Third":"Poland","Fourth":"France","GoalsScored":146,"QualifiedTeams":24,"MatchesPlayed":52,"Attendance":"2.109.723"},{"Year":1986,"Country":"Mexico","Winner":"Argentina","Runners-Up":"Germany FR","Third":"France","Fourth":"Belgium","GoalsScored":132,"QualifiedTeams":24,"MatchesPlayed":52,"Attendance":"2.394.031"},{"Year":1990,"Country":"Italy","Winner":"Germany FR","Runners-Up":"Argentina","Third":"Italy","Fourth":"England","GoalsScored":115,"QualifiedTeams":24,"MatchesPlayed":52,"Attendance":"2.516.215"},{"Year":1994,"Country":"USA","Winner":"Brazil","Runners-Up":"Italy","Third":"Sweden","Fourth":"Bulgaria","GoalsScored":141,"QualifiedTeams":24,"MatchesPlayed":52,"Attendance":"3.587.538"},{"Year":1998,"Country":"France","Winner":"France","Runners-Up":"Brazil","Third":"Croatia","Fourth":"Netherlands","GoalsScored":171,"QualifiedTeams":32,"MatchesPlayed":64,"Attendance":"2.785.100"},{"Year":2002,"Country":"Korea\/Japan","Winner":"Brazil","Runners-Up":"Germany","Third":"Turkey","Fourth":"Korea Republic","GoalsScored":161,"QualifiedTeams":32,"MatchesPlayed":64,"Attendance":"2.705.197"},{"Year":2006,"Country":"Germany","Winner":"Italy","Runners-Up":"France","Third":"Germany","Fourth":"Portugal","GoalsScored":147,"QualifiedTeams":32,"MatchesPlayed":64,"Attendance":"3.359.439"},{"Year":2010,"Country":"South Africa","Winner":"Spain","Runners-Up":"Netherlands","Third":"Germany","Fourth":"Uruguay","GoalsScored":145,"QualifiedTeams":32,"MatchesPlayed":64,"Attendance":"3.178.856"},{"Year":2014,"Country":"Brazil","Winner":"Germany","Runners-Up":"Argentina","Third":"Netherlands","Fourth":"Brazil","GoalsScored":171,"QualifiedTeams":32,"MatchesPlayed":64,"Attendance":"3.386.810"}]